{"cameraMode":{"drawMode":0,"name":"Shaded","section":"Shading Mode"},"sceneLighting":false,"audioPlay":false,"sceneViewState":{"m_AlwaysRefresh":true,"showFog":true,"showSkybox":false,"showFlares":true,"showImageEffects":true,"showParticleSystems":true,"showVisualEffectGraphs":true,"m_FxEnabled":true},"in2DMode":false,"pivot":{"x":1.0683056116104127,"y":-6.556510925292969e-7,"z":-0.3018301725387573},"rotation":{"x":0.21148373186588288,"y":-0.06679347157478333,"z":0.014488090761005879,"w":0.9749894142150879},"size":1.277164340019226,"orthographic":false}